road_crash_stats_id,year,dec_lat,dec_long,fatal_count,maj_inj_count,bicycle_death_count,bicycle_maj_inj_count,ped_death_count,ped_maj_inj_count
3474,2011,40.40919876,-80.01439667,0,1,0,0,0,0
1663,2011,40.34790039,-79.93900299,0,1,0,0,0,0
4132,2011,40.47380066,-80.06189728,1,0,0,0,0,0
3378,2011,40.44179916,-80.18990326,0,1,0,0,0,0
4425,2011,40.45999908,-79.75869751,0,1,0,0,0,0
3940,2013,40.42499924,-80.11720276,0,1,0,0,0,0
1259,2011,40.39099884,-79.86930084,1,0,0,0,0,0
2434,2011,40.51399994,-80.01339722,0,1,0,0,0,0
4114,2011,40.46770096,-79.96360016,0,1,0,0,0,1
2108,2011,40.48149872,-80.13030243,0,1,0,0,0,0
3208,2011,40.47629929,-79.96929932,0,1,0,0,0,0
1135,2011,40.65250015,-80.04859924,0,1,0,0,0,0
821,2011,40.41429901,-79.84629822,0,1,0,0,0,0
4088,2011,40.24309921,-79.89479828,0,1,0,0,0,0
3093,2011,40.43330002,-79.86990356,0,1,0,0,0,0
529,2011,40.4355011,-79.97290039,0,1,0,0,0,1
709,2011,40.5320015,-80.07240295,0,1,0,0,0,0
3943,2011,40.41059875,-80.07099915,0,1,0,0,0,1
2025,2011,40.32440186,-79.92120361,0,1,0,0,0,0
736,2011,40.46020126,-79.96929932,0,1,0,0,0,1
990,2011,40.44919968,-79.98539734,0,1,0,0,0,1
3093,2011,40.43080139,-79.87310028,0,1,0,0,0,0
2660,2011,40.32910156,-79.83370209,1,0,0,0,1,0
935,2011,40.35409927,-79.84220123,0,1,0,0,0,0
4234,2011,40.50479889,-79.9693985,0,1,0,0,0,0
394,2011,40.46730042,-79.98290253,0,1,0,1,0,0
3138,2011,40.47449875,-79.93170166,0,1,0,0,0,0
1464,2011,40.48149872,-79.8065033,0,1,0,0,0,0
3404,2013,40.41249847,-80.07849884,1,0,0,0,0,0
4178,2011,40.46590042,-79.95359802,0,1,0,0,0,1
3412,2011,40.47309875,-79.97239685,0,1,0,0,0,0
3280,2011,40.51789856,-80.13189697,0,1,0,0,0,0
1016,2011,40.46820068,-80.08529663,0,1,0,0,0,1
1274,2011,40.49629974,-79.94429779,0,1,0,0,0,0
736,2011,40.46279907,-79.95729828,0,1,0,0,0,0
2296,2011,40.34680176,-79.95490265,1,0,0,0,0,0
608,2011,40.53419876,-80.18669891,1,0,0,0,0,0
2305,2011,40.47129822,-79.83110046,0,1,0,0,0,0
812,2011,40.45149994,-79.90820313,0,2,0,0,0,0
2913,2011,40.65439987,-80.06719971,0,1,0,0,0,0
2572,2011,40.42770004,-80.12930298,0,1,0,0,0,0
3441,2011,40.55500031,-79.97119904,0,1,0,0,0,0
1006,2011,40.46409988,-79.98040009,1,1,0,0,0,0
1233,2011,40.40990067,-80.00520325,0,1,0,0,0,0
1423,2011,40.45389938,-79.89409637,0,1,0,0,0,0
2469,2011,40.50659943,-79.84290314,0,1,0,0,0,1
2263,2011,40.40110016,-79.88040161,0,3,0,0,0,0
1539,2011,40.4958992,-80.20729828,0,2,0,0,0,0
2507,2011,40.5530014,-80.08740234,1,0,0,0,0,0
2639,2011,40.40620041,-79.91249847,0,1,0,0,0,0
3679,2011,40.45009995,-80.10970306,0,1,0,0,0,0
4131,2011,40.51309967,-80.22239685,0,1,0,0,0,0
929,2011,40.45539856,-79.71749878,0,1,0,0,0,0
854,2011,40.40729904,-80.05169678,0,1,0,0,0,0
3433,2011,40.46269989,-80.05190277,0,1,0,0,0,0
1005,2011,40.46720123,-79.86979675,0,1,0,0,0,1
1245,2011,40.6094017,-80.09449768,2,1,0,0,0,0
3160,2011,40.46500015,-79.91999817,0,1,0,0,0,0
4368,2011,40.55970001,-79.82019806,0,1,0,0,0,0
1589,2011,40.40869904,-79.9910965,0,1,0,0,0,0
2961,2011,40.57389832,-80.05210114,0,1,0,0,0,0
1672,2011,40.54119873,-79.78630066,0,1,0,0,0,0
2175,2011,40.43769836,-79.83820343,1,0,0,0,0,0
3801,2011,40.49670029,-79.91560364,0,1,0,0,0,0
3953,2011,40.47980118,-80.03109741,1,1,0,0,0,0
100,2011,40.45759964,-80.04470062,1,1,0,0,0,0
3426,2011,40.49580002,-80.12329865,2,0,0,0,0,0
3501,2011,40.5379982,-80.07820129,1,0,0,0,0,0
2752,2011,40.60240173,-80.09359741,0,1,0,0,0,0
1142,2011,40.43199921,-79.91819763,0,1,0,0,0,0
3054,2011,40.48910141,-79.93499756,0,1,0,0,0,0
3399,2011,40.38729858,-79.79930115,0,1,0,0,0,0
1968,2011,40.49250031,-80.11160278,0,1,0,0,0,0
3248,2011,40.46559906,-79.84690094,0,4,0,0,0,0
2855,2011,40.2840004,-80.00009918,0,1,0,0,0,0
2756,2011,40.48490143,-80.0515976,0,1,0,0,0,0
1992,2011,40.44950104,-80.10739899,0,1,0,0,0,0
810,2011,40.4681015,-79.97720337,1,0,0,0,0,0
2753,2011,40.43230057,-79.83920288,1,0,0,0,0,0
568,2011,40.40819931,-79.81800079,1,0,0,0,1,0
465,2011,40.35390091,-79.91120148,0,1,0,0,0,0
170,2011,40.44430161,-79.76709747,0,1,0,0,0,0
3282,2011,40.48669815,-79.89189911,1,0,0,0,1,0
3783,2011,40.43170166,-80.02459717,1,0,0,0,0,0
3213,2011,40.36360168,-79.77359772,0,1,0,0,0,0
3659,2011,40.45410156,-79.94960022,1,0,0,0,0,0
911,2011,40.36740112,-79.81860352,1,0,0,0,0,0
961,2011,40.64199829,-80.0970993,0,1,0,0,0,0
3090,2011,40.42660141,-79.8927002,0,1,0,0,0,0
2243,2011,40.4817009,-80.04640198,0,1,0,0,0,1
3088,2011,40.44279861,-79.81150055,1,0,0,0,0,0
1632,2011,40.36380005,-79.98410034,0,1,0,0,0,1
5114,2011,40.50699997,-80.17240143,0,1,0,0,0,0
3294,2011,40.6515007,-79.92500305,0,1,0,0,0,0
4313,2011,40.40219879,-80.18900299,0,1,0,0,0,0
1207,2011,40.49319839,-79.89990234,0,1,0,0,0,0
4131,2011,40.51309967,-80.23139954,0,1,0,0,0,1
874,2011,40.45410156,-79.99680328,1,0,0,0,0,0
1257,2011,40.4355011,-79.71399689,0,1,0,0,0,0
586,2011,40.60340118,-80.05010223,0,1,0,0,0,0
4969,2011,40.2784996,-79.86389923,1,0,0,0,0,0
3644,2011,40.38840103,-80.05709839,0,1,0,0,0,0
3259,2011,40.60200119,-79.75730133,0,1,0,0,0,0
3677,2011,40.24489975,-79.92089844,0,1,0,0,0,0
3695,2011,40.34999847,-79.96949768,0,1,0,0,0,0
2427,2011,40.63819885,-79.71150208,2,0,0,0,0,0
3261,2012,40.3792991638184,-79.8535003662109,0,1,0,0,0,1
2874,2012,40.4285011291504,-80.0410003662109,0,2,0,0,0,0
3337,2012,40.3801002502441,-80.0860977172852,0,1,0,0,0,0
3652,2012,40.4076995849609,-79.8916015625000,1,0,0,0,0,0
3219,2012,40.4407997131348,-80.2387008666992,0,1,0,0,0,0
343,2012,40.6329994201660,-79.8535995483398,0,1,0,0,0,0
1398,2012,40.4444007873535,-79.9931030273438,1,0,0,0,1,0
2330,2012,40.3811988830566,-80.1735992431641,0,1,0,0,0,0
324,2012,40.2806015014648,-79.9069976806641,0,1,0,0,0,0
3981,2012,40.4502983093262,-80.0027999877930,0,1,0,0,0,1
1051,2012,40.4098014831542,-79.9440002441406,0,1,0,0,0,1
22,2012,40.3974990844727,-80.1904983520508,0,1,0,0,0,0
3266,2012,40.4380989074707,-79.9940032958984,0,1,0,0,0,0
1659,2012,40.4109992980957,-79.9554977416992,0,1,0,0,0,1
3628,2012,40.3969993591309,-79.9987030029297,0,2,0,0,0,0
4130,2012,40.47600174,-80.05259705,1,0,0,0,0,0
2998,2012,40.44409943,-79.91899872,1,0,0,0,0,0
1992,2012,40.44950104,-80.10739899,0,1,0,0,0,0
1591,2012,40.39720154,-79.85870361,0,1,0,0,0,0
4113,2012,40.47249985,-79.95899963,0,1,0,1,0,0
2027,2012,40.49459839,-79.93569946,0,1,0,0,0,0
2945,2012,40.34410095,-79.97160339,0,1,0,0,0,1
777,2012,40.64319992,-80.13300323,0,1,0,0,0,0
4484,2012,40.47489929,-79.84960175,1,0,0,0,0,0
2050,2012,40.26259995,-79.88659668,0,1,0,0,0,0
2029,2012,40.63909912,-79.71579742,0,1,0,0,0,0
2863,2012,40.4673996,-79.90879822,0,1,0,0,0,0
3488,2012,40.37829971,-79.92220306,1,0,0,0,0,0
4160,2012,40.36289978,-79.87619781,0,1,0,0,0,0
2975,2012,40.49489975,-79.83300018,0,1,0,0,0,0
2903,2012,40.46969986,-79.75509644,0,1,0,0,0,0
1526,2012,40.45050049,-79.92749786,0,1,0,0,0,1
3287,2012,40.31909943,-79.83450317,0,1,0,0,0,1
4453,2012,40.33789825,-79.96890259,0,1,0,0,0,0
3190,2012,40.55199814,-80.03759766,0,1,0,0,0,1
1630,2012,40.42639923,-80.06349945,0,1,0,0,0,0
3790,2012,40.38679886,-79.89459991,1,0,0,0,0,0
1746,2012,40.53210068,-79.71279907,0,1,0,0,0,0
3341,2012,40.4538002,-79.99549866,0,2,0,0,0,0
2917,2012,40.49399948,-80.31369781,0,1,0,0,0,0
845,2012,40.4416008,-80.09459686,2,0,0,0,0,0
133,2012,40.3451004,-80.02739716,0,1,0,0,0,0
4876,2012,40.66120148,-80.09349823,0,1,0,0,0,0
1582,2012,40.32490158,-79.90940094,0,1,0,0,0,0
835,2012,40.46379852,-80.05709839,0,1,0,0,0,0
784,2012,40.42589951,-79.94090271,0,1,0,0,0,0
4069,2012,40.46070099,-79.84459686,0,1,0,0,0,0
850,2012,40.34360123,-79.86329651,0,1,0,0,0,0
2056,2012,40.30020142,-80.05059814,1,0,0,0,0,0
2828,2012,40.49750137,-79.78939819,1,1,0,0,0,0
736,2012,40.46160126,-79.96710205,0,1,0,1,0,0
3764,2012,40.61410141,-80.14420319,0,1,0,0,0,0
1259,2012,40.38999939,-79.86859894,1,0,0,0,0,0
3080,2012,40.43030167,-80.02850342,0,1,0,0,0,0
2443,2012,40.44200134,-79.99960327,0,1,0,0,0,0
4401,2012,40.65330124,-79.90650177,0,1,0,0,0,0
4725,2012,40.42770004,-80.29450226,0,1,0,0,0,0
754,2012,40.45949936,-79.97360229,0,1,0,0,0,0
3252,2012,40.62129974,-80.09609985,0,1,0,0,0,0
3167,2012,40.45750046,-79.896698,0,1,0,0,0,1
2802,2012,40.49319839,-79.91290283,1,1,0,0,0,0
1602,2012,40.30270004,-79.93139648,0,1,0,0,0,0
2735,2012,40.4396019,-80.08940125,1,0,0,0,0,0
3297,2012,40.37599945,-79.82730103,0,1,0,1,0,0
3287,2012,40.31990051,-79.83529663,0,1,0,0,0,0
1512,2012,40.43420029,-79.99539948,1,2,0,0,0,0
1388,2012,40.4817009,-79.97440338,0,1,0,0,0,0
1632,2012,40.36399841,-79.98419952,0,1,0,0,0,1
1588,2012,40.51539993,-79.95320129,0,2,0,0,0,0
5176,2012,40.625,-79.83170319,0,2,0,0,0,0
3096,2012,40.44490051,-79.85150146,1,0,0,0,0,0
1363,2012,40.55289841,-80.10520172,0,1,0,0,0,0
2164,2012,40.39369965,-80.01989746,0,1,0,0,0,0
3001,2012,40.37030029,-80.22250366,0,1,0,0,0,0
527,2012,40.4435997,-80.02709961,0,1,0,0,0,0
2185,2012,40.44309998,-79.8144989,1,0,0,0,0,0
893,2012,40.23680115,-79.95490265,0,1,0,0,0,0
4161,2012,40.37319946,-79.79329681,0,1,0,0,0,0
1640,2012,40.44860077,-80.01529694,0,1,0,0,0,0
1986,2012,40.42359924,-80.1072998,0,1,0,0,0,0
5122,2012,40.49169922,-80.01010132,0,1,0,0,0,0
347,2012,40.29589844,-79.87460327,0,1,0,0,0,1
1029,2012,40.44800186,-79.89769745,1,0,1,0,0,0
1447,2012,40.57360077,-79.79039764,0,1,0,0,0,0
2334,2012,40.43460083,-79.9897995,1,0,0,0,0,0
874,2012,40.45410156,-79.99680328,0,1,0,0,0,0
3983,2012,40.51390076,-80.03009796,0,1,0,0,0,0
2563,2012,40.53749847,-80.01119995,0,1,0,0,0,0
2017,2012,40.66049957,-79.87339783,0,1,0,0,0,0
2844,2012,40.49980164,-79.81330109,0,1,0,1,0,0
3149,2012,40.48519897,-80.0345993,0,1,0,0,0,0
845,2012,40.44169998,-80.09470367,0,1,0,0,0,0
613,2012,40.44409943,-80.02809906,0,1,0,0,0,0
3251,2012,40.59329987,-80.09549713,0,1,0,0,0,0
2581,2012,40.45059967,-79.9980011,0,1,0,0,0,0
4038,2012,40.32730103,-80.14150238,1,0,0,0,0,0
2858,2012,40.35559845,-80.0510025,0,1,0,0,0,0
3349,2012,40.52220154,-79.84249878,1,0,0,0,0,0
3504,2012,40.5646019,-79.96510315,0,1,0,0,0,0
2117,2012,40.4219017,-80.03089905,0,1,0,0,0,0
1443,2012,40.4416008,-80.24069977,0,1,0,0,0,0
3969,2012,40.5237999,-79.81919861,1,0,0,0,0,0
3048,2012,40.51190186,-79.85440063,1,0,0,0,0,0
2675,2012,40.46419907,-80.02059937,0,1,0,0,0,0
1609,2012,40.6108017,-79.76059723,0,1,0,0,0,0
4715,2012,40.51010132,-80.23609924,0,1,0,0,0,0
332,2012,40.48899841,-79.9539032,1,0,0,0,0,0
4089,2012,40.28170013,-79.90190125,0,1,0,0,0,1
2663,2012,40.58560181,-80.06939697,0,1,0,0,0,0
888,2012,40.63159943,-79.96060181,0,1,0,0,0,0
1588,2012,40.51369858,-79.95130157,1,0,0,0,0,0
3795,2012,40.40639877,-79.82649994,0,1,0,0,0,1
1581,2012,40.43310165,-79.76139832,0,1,0,0,0,0
166,2012,40.41059875,-79.72869873,1,1,0,0,0,0
3639,2012,40.55889893,-80.2052002,0,1,0,0,0,0
1012,2012,40.40729904,-79.83110046,0,1,0,0,0,0
2583,2012,40.42580032,-79.90319824,0,1,0,0,0,0
736,2012,40.46160126,-79.96710205,1,0,0,0,0,0
2550,2012,40.4034996,-80.05809784,0,1,0,0,0,0
4133,2012,40.43489838,-80.03410339,0,1,0,0,0,0
2183,2012,40.41429901,-79.99220276,1,0,0,0,0,0
1644,2012,40.33169937,-79.94580078,1,0,0,0,1,0
3579,2012,40.47109985,-80.09130096,0,1,0,0,0,0
3995,2012,40.44630051,-79.89279938,1,0,1,0,0,0
1954,2012,40.41279984,-80.0102005,0,1,0,0,0,0
2074,2012,40.52159882,-80.21759796,0,1,0,0,0,0
3978,2012,40.43529892,-79.96869659,1,0,0,0,0,0
3969,2012,40.5237999,-79.81919861,0,1,0,0,0,0
1029,2012,40.44829941,-79.89859772,1,0,0,0,1,0
2502,2012,40.51929855,-80.22360229,0,1,0,0,0,0
742,2012,40.43579865,-79.89600372,0,1,0,0,0,1
2161,2012,40.46960068,-79.92040253,0,1,0,0,0,0
1176,2012,40.59949875,-79.94740295,0,1,0,0,0,0
100,2012,40.45299911,-80.03939819,0,1,0,0,0,0
3613,2012,40.47449875,-79.97149658,0,1,0,0,0,0
3722,2012,40.43650055,-79.96389771,0,1,0,0,0,0
3139,2012,40.46110153,-79.90979767,0,1,0,0,0,1
498,2012,40.49440002,-79.87090302,1,1,0,0,0,0
2943,2012,40.32590103,-79.83940125,0,1,0,0,0,0
3390,2012,40.47159958,-80.07219696,0,1,0,0,0,0
1582,2012,40.32490158,-79.90950012,0,1,0,0,0,0
936,2012,40.43659973,-79.99720001,0,1,0,0,0,0
3515,2012,40.41809845,-80.08809662,0,1,0,0,0,0
1437,2012,40.44800186,-79.9905014,1,0,0,0,1,0
785,2012,40.43780136,-79.95420074,0,1,0,0,0,1
2583,2012,40.42559814,-79.90619659,0,1,0,0,0,0
14,2012,40.32379913,-79.89250183,0,1,0,0,0,1
3347,2012,40.43920135,-80.21289825,0,1,0,0,0,1
2423,2012,40.42409897,-79.88749695,0,1,0,0,0,1
2339,2012,40.52780151,-79.80660248,0,1,0,0,0,0
1114,2012,40.43170166,-79.87220001,0,1,0,0,0,0
1066,2013,40.3728981,-79.7928009,0,1,0,0,0,0
473,2013,40.37969971,-80.05319977,0,1,0,0,0,1
2995,2013,40.29660034,-79.99440002,0,1,0,0,0,0
2265,2013,40.42879868,-79.98339844,0,1,0,0,0,0
1596,2013,40.40050125,-80.08820343,0,1,0,0,0,1
4389,2013,40.56909943,-79.78739929,0,1,0,0,0,0
4415,2013,40.30400085,-79.82050323,0,1,0,0,0,0
1579,2013,40.43870163,-79.9464035,0,1,0,0,0,0
3093,2013,40.43280029,-79.87059784,0,1,0,0,0,0
454,2013,40.41659927,-80.22029877,0,1,0,0,0,0
1668,2013,40.40119934,-79.91929626,0,1,0,0,0,0
853,2013,40.48149872,-79.87989807,0,1,0,0,0,0
4327,2013,40.51070023,-79.93659973,1,0,0,0,0,0
2431,2013,40.34429932,-79.9720993,0,1,0,0,0,0
2759,2013,40.47019958,-80.03669739,0,1,0,0,0,0
3431,2013,40.33459854,-79.98509979,0,1,0,0,0,0
1531,2013,40.43740082,-79.97949982,0,1,0,0,0,0
859,2013,40.36420059,-79.82450104,0,1,0,0,0,0
2147,2013,40.44889832,-80.0007019,0,1,0,0,0,0
2792,2013,40.45550156,-79.96649933,0,1,0,0,0,0
3745,2013,40.50400162,-80.1957016,0,1,0,0,0,0
2262,2013,40.45780182,-79.9029007,0,1,0,0,0,1
1039,2013,40.40010071,-79.93640137,0,1,0,0,0,0
3583,2013,40.65259933,-79.93609619,1,0,0,0,0,0
2586,2013,40.43930054,-79.86119843,0,1,0,0,0,0
1594,2013,40.36119843,-80.04679871,1,0,0,0,0,0
3375,2013,40.45420074,-80.0042038,0,1,0,0,0,0
2951,2013,40.43799973,-79.92769623,0,1,0,0,0,0
4025,2013,40.50090027,-80.07409668,2,2,0,0,0,0
3981,2013,40.44869995,-80.00229645,0,1,0,0,0,0
1175,2013,40.52709961,-79.95030212,0,1,0,0,0,0
3108,2013,40.38330078,-79.93049622,0,1,0,0,0,1
2729,2013,40.24779892,-79.87580109,1,0,0,0,0,0
1626,2013,40.49739838,-79.9265976,1,0,0,0,0,0
1581,2013,40.43569946,-79.77110291,0,1,0,0,0,0
1006,2013,40.4632988,-79.98100281,1,0,0,0,0,0
2412,2013,40.39599991,-79.92569733,0,1,0,0,0,0
3873,2013,40.43330002,-80.02200317,0,1,0,0,0,0
2221,2013,40.63209915,-79.73169708,0,1,0,0,0,0
3710,2013,40.43899918,-79.83190155,0,1,0,0,0,0
2851,2013,40.36380005,-79.84290314,0,1,0,0,0,0
2253,2013,40.19839859,-79.87860107,0,2,0,0,0,0
3599,2013,40.45980072,-79.98429871,0,1,0,0,0,0
3331,2013,40.45980072,-79.9713974,0,1,0,0,0,0
3404,2013,40.41220093,-80.07769775,0,1,0,0,0,0
841,2013,40.34479904,-79.79599762,0,1,0,0,0,0
719,2013,40.47380066,-80.03520203,0,1,0,0,0,1
1417,2013,40.44509888,-79.81890106,1,0,0,0,0,0
1802,2013,40.30550003,-80.01249695,0,1,0,0,0,0
645,2013,40.49079895,-79.8361969,0,2,0,0,0,0
1673,2013,40.49290085,-79.86299896,0,1,0,0,0,1
3257,2013,40.43050003,-79.7181015,2,0,0,0,0,0
1162,2013,40.42089844,-80.00409698,0,1,0,0,0,0
3830,2013,40.62850189,-79.71869659,0,1,0,0,0,0
1396,2013,40.39379883,-79.81929779,0,1,0,0,0,0
3606,2013,40.47570038,-79.97039795,1,0,0,0,1,0
14,2013,40.32600021,-79.89250183,0,2,0,0,0,0
4402,2013,40.60039902,-79.88870239,0,2,0,0,0,0
4142,2013,40.51240158,-79.99759674,0,1,0,0,0,0
1048,2013,40.46569824,-79.82530212,0,1,0,0,0,0
3656,2013,40.43009949,-79.99919891,0,1,0,0,0,0
4873,2013,40.32360077,-79.83200073,0,1,0,0,0,0
4722,2013,40.46559906,-80.15950012,0,1,0,0,0,0
2099,2013,40.5379982,-80.19950104,0,1,0,0,0,0
608,2013,40.53099823,-80.19000244,1,0,1,0,0,0
166,2013,40.40950012,-79.72820282,0,1,0,0,0,0
3806,2013,40.56990051,-80.2154007,1,0,0,0,1,0
5172,2013,40.44200134,-79.79750061,0,1,0,0,0,0
2285,2013,40.30080032,-79.86599731,1,0,0,0,0,0
1413,2013,40.50839996,-80.08999634,0,1,0,0,0,0
3979,2013,40.44229889,-79.91719818,0,1,0,0,0,1
3646,2013,40.39860153,-80.10520172,1,0,0,0,0,0
3232,2013,40.49710083,-79.92179871,0,1,0,0,0,0
3697,2013,40.4632988,-79.86569977,0,1,0,0,0,0
3790,2013,40.38299942,-79.89489746,0,1,0,0,0,0
476,2013,40.46409988,-80.14279938,0,1,0,0,0,0
4211,2013,40.51940155,-79.97119904,0,1,0,0,0,0
463,2013,40.46319962,-80.0318985,0,1,0,0,0,0
1498,2013,40.64120102,-80.00900269,0,1,0,0,0,0
3635,2013,40.48849869,-80.05740356,0,1,0,0,0,1
801,2013,40.44150162,-80.18440247,0,1,0,0,0,0
3253,2013,40.36230087,-79.82610321,1,0,0,0,0,0
3850,2013,40.61180115,-79.75700378,0,1,0,0,0,0
2696,2013,40.3993988,-80.04450226,0,1,0,0,0,1
646,2013,40.39450073,-80.10160065,0,1,0,0,0,0
1196,2013,40.44440079,-80.17739868,0,1,0,0,0,0
787,2013,40.44800186,-79.89779663,0,1,0,0,0,0
834,2013,40.35240173,-79.85399628,0,1,0,0,0,1
1808,2013,40.45069885,-80.02349854,0,1,0,0,0,0
3325,2013,40.44219971,-80.26300049,0,2,0,0,0,0
1984,2013,40.34059906,-79.92919922,0,1,0,0,0,0
994,2013,40.42679977,-79.93789673,0,1,0,0,0,0
807,2013,40.63439941,-79.93979645,0,1,0,0,0,1
4116,2013,40.43920135,-79.82969666,0,1,0,0,0,0
1669,2013,40.62379837,-79.72440338,1,0,0,0,0,0
3483,2013,40.43809891,-79.77420044,1,1,0,0,0,0
2917,2013,40.49470139,-80.31659698,1,0,0,0,0,0
4341,2013,40.64690018,-79.83879852,0,1,0,0,0,0
3004,2013,40.37919998,-80.04530334,0,1,0,0,0,1
1143,2013,40.44380188,-79.92050171,0,1,0,0,0,1
3675,2013,40.62990189,-79.88809967,0,1,0,0,0,0
5114,2013,40.50839996,-80.17050171,0,1,0,0,0,0
3981,2013,40.44950104,-80.00260162,0,1,0,0,0,1
4313,2013,40.40200043,-80.188797,0,1,0,0,0,0
3989,2013,40.47650146,-80.03170013,1,0,0,0,1,0
3167,2013,40.45539856,-79.88330078,0,1,0,0,0,0
613,2013,40.44409943,-80.02809906,0,1,0,0,0,0
1483,2013,40.34749985,-80.0161972,0,2,0,0,0,0
2408,2013,40.354599,-80.07360077,0,1,0,0,0,0
843,2013,40.42750168,-80.02330017,1,0,0,0,0,0
1645,2013,40.33929825,-79.85929871,1,0,0,0,0,0
1210,2013,40.39670181,-79.83840179,1,0,0,0,0,0
5050,2013,40.3504982,-79.82009888,1,0,0,0,0,0
3736,2013,40.41999817,-80.1446991,0,1,0,0,0,0
3942,2013,40.42910004,-79.94090271,1,0,0,0,0,0
1141,2014,40.46350098,-79.93070221,0,1,0,0,0,1
1551,2014,40.44229889,-79.95240021,0,1,0,0,0,1
2616,2014,40.38299942,-79.80699921,0,1,0,0,0,0
593,2014,40.45479965,-79.99440002,0,1,0,0,0,0
1123,2014,40.45930099,-80.19000244,1,0,0,0,0,0
3474,2014,40.39960098,-80.02069855,1,0,0,0,1,0
2070,2014,40.42539978,-79.96450043,1,0,0,0,0,0
2192,2014,40.46279907,-80.13950348,0,1,0,0,0,0
926,2014,40.49710083,-79.80670166,0,1,0,0,0,0
3642,2014,40.5992012,-80.09369659,0,1,0,0,0,0
990,2014,40.44919968,-79.98539734,1,0,0,0,0,0
1590,2014,40.34740067,-79.83239746,1,0,0,0,1,0
1446,2014,40.37730026,-79.85070038,1,0,0,0,0,0
2161,2014,40.47100067,-79.92479706,0,1,0,0,0,0
4029,2014,40.41249847,-80.10639954,0,1,0,0,0,0
1951,2014,40.50559998,-80.03089905,1,0,0,0,0,0
211,2014,40.39979935,-80.10119629,1,0,0,0,0,0
3545,2014,40.39680099,-79.97869873,0,1,0,0,0,0
1427,2014,40.35979843,-79.83049774,2,0,0,0,0,0
1585,2014,40.4836998,-80.10710144,0,1,0,0,0,0
3742,2014,40.44179916,-80.20310211,0,1,0,0,0,0
2227,2014,40.51240158,-80.1065979,0,1,0,0,0,0
2797,2014,40.54079819,-79.80770111,0,1,0,0,0,1
3844,2014,40.51160049,-79.94740295,0,1,0,0,0,0
1976,2014,40.47570038,-80.00730133,0,1,0,0,0,0
2264,2014,40.46179962,-79.84100342,0,1,0,0,0,0
3445,2014,40.54650116,-80.21890259,0,1,0,0,0,0
9,2014,40.44039917,-80.08029938,0,1,0,0,0,0
1162,2014,40.42100143,-80.00050354,0,1,0,0,0,1
1520,2014,40.44029999,-79.75879669,0,1,0,0,0,0
3343,2014,40.52470016,-79.82710266,1,0,0,0,0,0
1285,2014,40.62239838,-79.76280212,1,0,0,0,0,0
1092,2014,40.57740021,-80.01200104,2,0,0,0,0,0
1627,2014,40.43510056,-80.05049896,0,1,0,0,0,0
3295,2014,40.34080124,-79.7798996,1,0,0,0,0,0
616,2014,40.45569992,-79.91049957,0,1,0,0,0,0
1426,2014,40.33769989,-79.95140076,0,1,0,0,0,0
1283,2014,40.52050018,-79.9382019,0,2,0,0,0,0
1420,2014,40.47370148,-80.13330078,1,0,0,0,0,0
3237,2014,40.24890137,-79.87709808,0,1,0,0,0,0
897,2014,40.66719818,-79.7303009,0,1,0,0,0,0
1650,2014,40.50049973,-80.12439728,0,1,0,0,0,0
3524,2014,40.45880127,-80.0161972,0,1,0,0,0,1
3434,2014,40.54000092,-80.12280273,0,1,0,0,0,0
3219,2014,40.44049835,-80.2385025,0,1,0,0,0,0
3780,2014,40.42750168,-79.95330048,0,1,0,0,0,0
1428,2014,40.57939911,-80.22039795,0,1,0,0,0,0
1268,2014,40.43519974,-79.95659637,0,1,0,0,0,1
2446,2014,40.55199814,-79.84329987,1,0,0,0,0,0
2970,2014,40.54949951,-79.91410065,0,1,0,0,0,0
1197,2014,40.32099915,-79.89129639,0,1,0,0,0,0
553,2014,40.6617012,-79.93379974,0,1,0,0,0,0
3870,2014,40.33929825,-80.12830353,1,0,0,0,0,0
914,2014,40.33190155,-79.99729919,0,1,0,0,0,0
1234,2014,40.39619827,-79.99810028,0,1,0,0,0,0
2700,2014,40.44039917,-79.99490356,0,1,0,0,0,1
3225,2014,40.49940109,-80.11139679,0,2,0,0,0,0
1924,2014,40.49409866,-79.96330261,0,1,0,1,0,0
2502,2014,40.52349854,-80.22429657,0,1,0,0,0,0
1062,2014,40.34820175,-79.94730377,0,2,0,0,0,0
1060,2014,40.34930038,-79.97059631,0,1,0,0,0,0
645,2014,40.49860001,-79.83740234,0,1,0,0,0,0
2963,2014,40.65269852,-79.72460175,1,0,0,0,0,0
3945,2014,40.42549896,-79.90640259,0,1,0,0,0,0
1479,2014,40.29040146,-80.03730011,0,1,0,0,0,0
119,2014,40.39450073,-79.7990036,0,1,0,0,0,0
1490,2014,40.40169907,-80.02210236,1,0,0,0,0,0
2280,2014,40.63010025,-80.01069641,0,1,0,0,0,0
4153,2014,40.39429855,-80.03530121,0,2,0,0,0,0
3899,2014,40.33819962,-80.01670074,1,0,0,0,0,0
3171,2014,40.33330154,-80.03089905,1,0,0,0,0,0
497,2014,40.43809891,-80.02500153,0,1,0,0,0,0
3617,2014,40.49610138,-79.86799622,0,1,0,0,0,0
2187,2014,40.39910126,-79.98899841,0,1,0,0,0,0
3715,2014,40.50249863,-79.84329987,0,1,0,0,0,0
1244,2014,40.42300034,-80.04979706,0,1,0,0,0,0
3488,2014,40.37960052,-79.92549896,0,1,0,0,0,0
3125,2014,40.46870041,-80.00959778,1,0,0,0,0,0
1048,2014,40.45959854,-79.8234024,0,1,0,0,0,0
574,2014,40.53779984,-80.18669891,0,1,0,0,0,0
1649,2014,40.39160156,-80.0605011,0,1,0,0,0,0
1282,2014,40.54249954,-79.80419922,0,1,0,0,0,0
3809,2014,40.33470154,-79.79299927,1,0,0,0,0,0
705,2014,40.42890167,-79.93250275,0,1,0,0,0,0
1211,2014,40.38209915,-79.81919861,0,1,0,0,0,0
2656,2014,40.37779999,-80.21669769,0,1,0,0,0,0
3524,2014,40.45679855,-80.01550293,0,1,0,0,0,0
522,2014,40.44250107,-79.99949646,0,1,0,0,0,1
345,2014,40.25849915,-79.915802,0,1,0,0,0,0
3879,2014,40.54740143,-80.24250031,1,0,0,0,0,0
3071,2014,40.45500183,-79.95400238,0,1,0,0,0,0
3830,2014,40.62789917,-79.71929932,1,0,0,0,0,0
2670,2014,40.41479874,-80.09770203,0,1,0,0,0,0
1248,2014,40.53549957,-80.125,1,0,0,0,0,0
1615,2014,40.4917984,-79.95059967,0,1,0,0,0,0
1309,2014,40.48590088,-79.82980347,0,1,0,0,0,0
1673,2014,40.49440002,-79.86000061,0,1,0,0,0,0
2162,2014,40.45240021,-80.00140381,0,1,0,0,0,1
3976,2014,40.34429932,-79.88379669,1,3,0,0,0,0
3283,2014,40.60319901,-79.86959839,0,1,0,0,0,0
3298,2014,40.39310074,-79.82630157,0,1,0,0,0,0
1273,2014,40.47840118,-79.75409698,1,0,0,0,0,0
4043,2014,40.42210007,-80.10510254,0,1,0,0,0,0
2098,2014,40.32379913,-80.02449799,0,1,0,0,0,0
1044,2014,40.46839905,-80.02020264,0,1,0,0,0,0
741,2014,40.40670013,-79.87960052,0,2,0,0,0,0
3635,2014,40.48630142,-80.05410004,0,1,0,0,0,0
2338,2014,40.35250092,-79.85099792,0,1,0,0,0,1
3276,2014,40.45569992,-79.8792038,1,0,0,0,0,0
2292,2014,40.43600082,-79.78530121,1,0,0,0,0,0
2243,2014,40.47990036,-80.0440979,1,1,0,0,0,0
4112,2014,40.46519852,-80.06680298,0,1,0,0,0,0
1143,2014,40.4469986,-79.92140198,0,1,0,0,0,0
2166,2014,40.45819855,-79.9992981,0,1,0,0,0,0
479,2014,40.43389893,-79.99349976,0,1,0,0,0,0
1985,2014,40.43560028,-79.98020172,1,0,0,0,1,0
214,2013,40.48590088,-80.19329834,0,1,0,0,0,0
15,2010,40.44440079,-79.9756012,0,1,0,0,0,1
1731,2010,40.2602005,-79.90260315,1,0,0,0,0,0
257,2010,40.22240067,-79.96399689,0,3,0,0,0,0
467,2010,40.46120071,-80.11190033,1,0,0,0,0,0
2052,2010,40.39179993,-79.87719727,0,1,0,0,0,0
2115,2010,40.42110062,-80.04499817,0,1,0,0,0,0
1697,2010,40.33580017,-79.97399902,0,1,0,0,0,0
1069,2010,40.35689926,-79.88210297,0,1,0,0,0,0
3673,2010,40.5461998,-79.77059937,0,1,0,0,0,0
1654,2010,40.47639847,-79.78050232,0,1,0,0,0,0
631,2010,40.61439896,-80.09549713,0,1,0,0,0,0
789,2010,40.40169907,-80.04229736,1,0,0,0,1,0
2262,2010,40.45569992,-79.89309692,0,1,0,0,0,1
3167,2010,40.45690155,-79.89409637,1,2,0,0,1,2
2912,2010,40.45780182,-79.97419739,0,1,0,0,0,1
463,2014,40.46469879,-80.03299713,0,1,0,0,0,0
3508,2014,40.3158989,-79.9957962,0,1,0,0,0,0
2706,2014,40.31869888,-80.08789825,0,1,0,0,0,0
3829,2014,40.40829849,-80.10800171,0,1,0,0,0,1
3571,2014,40.34560013,-79.9539032,0,2,0,0,0,0
1658,2014,40.45690155,-79.93849945,0,2,0,0,0,0
1074,2010,40.4314003,-79.80190277,1,0,0,0,0,0
3974,2010,40.44340134,-80.05729675,0,1,0,0,0,1
1513,2010,40.44229889,-79.82209778,0,1,0,0,0,0
5172,2010,40.44200134,-79.7947998,0,1,0,0,0,0
1694,2010,40.33929825,-79.91359711,0,1,0,0,0,0
527,2010,40.44129944,-80.020401,0,1,0,0,0,0
2586,2010,40.43719864,-79.86450195,0,1,0,0,0,0
472,2010,40.44369888,-79.77799988,0,1,0,0,0,0
4142,2010,40.51179886,-79.99659729,0,1,0,0,0,0
1987,2010,40.44490051,-79.97750092,0,1,0,0,0,0
645,2010,40.49969864,-79.83750153,0,1,0,0,0,0
2210,2010,40.43059921,-80.26159668,1,0,0,0,0,0
1976,2010,40.47750092,-80.00779724,0,1,0,0,0,0
3922,2010,40.44049835,-79.99069977,0,1,0,0,0,1
1583,2010,40.47869873,-80.09249878,0,1,0,0,0,0
3095,2010,40.4416008,-79.85790253,0,1,0,0,0,0
2918,2010,40.43320084,-79.97360229,1,0,0,0,0,0
855,2010,40.41680145,-80.04499817,0,1,0,0,0,0
2826,2010,40.43899918,-79.76409912,0,1,0,0,0,0
843,2010,40.42580032,-80.01979828,0,1,0,0,0,0
1490,2010,40.40530014,-80.01879883,0,1,0,0,0,0
3457,2010,40.4966011,-79.84459686,0,2,0,0,0,0
3437,2010,40.5632019,-79.96820068,0,1,0,0,0,0
706,2010,40.42559814,-79.90709686,0,1,0,0,0,0
1136,2010,40.62990189,-79.98519897,1,0,0,0,0,0
1354,2010,40.52730179,-80.20700073,0,1,0,0,0,0
1604,2010,40.52159882,-80.0338974,0,1,0,0,0,0
820,2010,40.49689865,-79.86740112,0,1,0,0,0,0
2797,2010,40.54050064,-79.81390381,1,0,0,0,1,0
1919,2010,40.51729965,-80.26750183,0,1,0,0,0,0
3472,2010,40.34270096,-79.96440125,0,1,0,0,0,0
1441,2010,40.41469955,-79.93939972,0,1,0,0,0,0
2979,2010,40.49720001,-79.94059753,0,1,0,0,0,0
2197,2010,40.4632988,-79.90579987,1,0,0,0,1,0
3991,2010,40.39310074,-79.80509949,0,1,0,0,0,0
1626,2010,40.49710083,-79.93440247,0,1,0,0,0,0
2656,2010,40.37960052,-80.21620178,0,1,0,0,0,0
2135,2010,40.47579956,-80.03410339,1,0,0,0,0,0
2530,2010,40.33789825,-79.83950043,0,1,0,0,0,1
347,2010,40.29850006,-79.87550354,0,1,0,0,0,0
4081,2010,40.45130157,-79.99520111,0,1,0,0,0,0
757,2010,40.3927002,-80.04699707,0,1,0,0,0,1
3594,2010,40.53229904,-79.84829712,0,1,0,0,0,0
1196,2010,40.4455986,-80.17410278,0,1,0,0,0,0
461,2010,40.28739929,-80.00279999,0,1,0,0,0,0
3039,2010,40.30509949,-79.97489929,0,1,0,0,0,0
3616,2010,40.55659866,-80.22049713,0,1,0,0,0,0
2405,2010,40.45479965,-80.18299866,0,1,0,0,0,0
970,2010,40.60910034,-80.15869904,0,1,0,0,0,0
4013,2010,40.36809921,-80.04930115,1,0,0,0,1,0
699,2010,40.2745018,-79.95649719,0,1,0,0,0,0
2490,2010,40.29180145,-79.99680328,1,0,0,0,0,0
1255,2010,40.19929886,-79.91619873,0,1,0,0,0,0
3276,2010,40.45709991,-79.87770081,0,1,0,0,0,1
616,2010,40.45859909,-79.90799713,1,0,0,0,0,0
1050,2010,40.64889908,-79.80020142,1,0,0,0,0,0
1166,2010,40.3512001,-79.82990265,0,1,0,0,0,0
3488,2010,40.37960052,-79.92549896,0,1,0,0,0,0
3845,2010,40.5387001,-79.82990265,0,1,0,0,0,0
1637,2010,40.4734993,-80.06240082,0,2,0,0,0,0
3301,2010,40.43889999,-79.76260376,0,1,0,0,0,0
2265,2010,40.42869949,-79.9885025,0,1,0,0,0,0
2465,2010,40.44839859,-80.11019897,2,0,0,0,0,0
1175,2010,40.52709961,-79.95030212,0,2,0,0,0,0
1073,2010,40.46149826,-80.03070068,0,1,0,0,0,0
3421,2010,40.45299911,-79.9957962,0,1,0,0,0,0
4286,2010,40.55870056,-79.80290222,1,0,0,0,0,0
1682,2010,40.65230179,-79.79260254,0,1,0,0,0,0
3434,2010,40.53979874,-80.12290192,0,1,0,0,0,0
2502,2010,40.52470016,-80.22429657,0,1,0,0,0,0
3699,2010,40.46379852,-79.80599976,1,1,0,0,0,0
1062,2010,40.34820175,-79.94730377,1,0,0,0,0,0
2419,2010,40.41839981,-79.92469788,0,1,0,0,0,1
4612,2010,40.28490067,-79.99859619,0,2,0,0,0,0
3488,2010,40.3783989,-79.92230225,1,1,0,0,0,0
4631,2010,40.37260056,-80.22599792,0,1,0,0,0,0
1658,2010,40.45830154,-79.93379974,1,0,0,0,0,0
3273,2010,40.43590164,-79.96489716,0,1,0,0,0,0
2573,2010,40.42499924,-80.11499786,0,1,0,0,0,0
2818,2010,40.33250046,-79.98519897,0,1,0,0,0,0
3323,2010,40.44609833,-79.85189819,0,1,0,0,0,0
1700,2010,40.34989929,-79.8934021,0,1,0,0,0,0
2669,2010,40.40930176,-79.8667984,0,1,0,0,0,0
4115,2010,40.44390106,-79.938797,0,1,0,0,0,0
3942,2010,40.42910004,-79.94069672,0,1,0,0,0,0
484,2010,40.39110184,-79.88890076,0,2,0,0,0,0
2852,2010,40.43840027,-80.0019989,1,0,0,0,1,0
1259,2010,40.39070129,-79.86910248,0,1,0,0,0,0
1246,2010,40.40650177,-79.82740021,0,1,0,0,0,1
997,2010,40.3348999,-80.13559723,0,2,0,0,0,0
1418,2010,40.32360077,-79.83889771,0,1,0,0,0,0
3257,2010,40.4280014,-79.7213974,1,0,0,0,0,0
3214,2010,40.39110184,-79.77580261,0,1,0,0,0,0
1398,2010,40.44689941,-79.9890976,1,0,0,0,0,0
4032,2010,40.34799957,-79.97440338,1,0,0,0,1,0
1044,2010,40.46860123,-80.01959991,1,0,0,0,0,0
1033,2010,40.29069901,-79.91329956,1,0,0,0,0,0
841,2010,40.34389877,-79.79879761,0,1,0,0,0,0
4000,2010,40.44419861,-80.02819824,1,0,0,0,0,0
2396,2010,40.29199982,-79.8812027,1,0,0,0,0,0
1824,2010,40.42959976,-79.95700073,0,1,0,0,0,0
2015,2010,40.42240143,-79.96009827,1,0,0,0,0,0
2079,2010,40.45740128,-79.91739655,0,1,0,0,0,0
2768,2010,40.38299942,-79.85739899,0,1,0,0,0,0
2715,2010,40.64239883,-79.71990204,0,1,0,0,0,0
2166,2010,40.45640182,-79.99859619,0,1,0,0,0,0
3886,2010,40.6012001,-80.11730194,0,1,0,0,0,0
3978,2010,40.43529892,-79.96869659,0,1,0,0,0,0
2074,2010,40.52209854,-80.21749878,0,1,0,0,0,0
3005,2010,40.49499893,-80.01280212,0,1,0,0,0,0
3399,2010,40.38740158,-79.79930115,1,1,0,0,0,0
5133,2010,40.50230026,-79.96430206,0,1,0,0,0,0
4524,2010,40.42419815,-80.03079987,1,0,0,0,0,0
3214,2010,40.39339828,-79.77539825,1,0,0,0,0,0
3416,2011,40.33890152,-79.95529938,0,1,0,0,0,0
1475,2011,40.4382019,-79.83049774,0,1,0,0,0,0
3880,2011,40.51670074,-80.19239807,1,0,0,0,0,0
3301,2011,40.43889999,-79.76260376,0,1,0,0,0,0
1220,2011,40.48249817,-80.07009888,0,1,0,0,0,0
5011,2011,40.51060104,-79.84329987,1,0,0,0,1,0
4758,2011,40.58919907,-80.09880066,0,1,0,0,0,0
1718,2011,40.62730026,-80.04669952,1,0,0,0,0,0
2941,2011,40.52539825,-79.98829651,1,0,0,0,0,0
2887,2011,40.46210098,-80.03079987,0,1,0,0,0,1
819,2011,40.49219894,-79.94940186,0,1,0,0,0,0
4989,2011,40.30089951,-79.84899902,0,1,0,0,0,0
2309,2011,40.43809891,-79.99440002,0,1,0,0,0,0
3375,2011,40.45330048,-80.00170135,0,1,0,0,0,1
1031,2011,40.56579971,-80.15209961,0,1,0,0,0,0
3008,2011,40.42309952,-80.2009964,0,2,0,0,0,0
990,2011,40.45439911,-79.97769928,0,1,0,0,0,0
2892,2011,40.44919968,-79.92919922,0,1,0,0,0,0
2345,2011,40.48910141,-80.07980347,1,1,0,0,0,0
2086,2011,40.58420181,-80.02749634,0,1,0,0,0,0
2586,2011,40.43899918,-79.86160278,0,1,0,0,0,0
112,2011,40.36930084,-79.81559753,1,0,0,0,0,0
3982,2011,40.48989868,-80.02140045,0,1,0,0,0,0
1685,2011,40.31470108,-79.88529968,0,1,0,0,0,0
1038,2011,40.46429825,-79.85220337,0,1,0,0,0,1
1033,2011,40.29069901,-79.91329956,0,2,0,0,0,0
3831,2011,40.42839813,-79.97440338,0,1,0,0,0,1
3160,2011,40.46659851,-79.92539978,0,1,0,0,0,1
2546,2011,40.38059998,-80,0,1,0,0,0,1
3642,2011,40.60380173,-80.09420013,2,1,0,0,0,0
649,2011,40.32350159,-80.08409882,0,1,0,0,0,0
1154,2011,40.48949814,-80.01830292,0,1,0,0,0,1
4299,2011,40.30699921,-79.90110016,1,0,0,0,0,0
4054,2011,40.26570129,-79.87989807,1,0,0,0,0,0
2125,2011,40.55210114,-80.08640289,0,1,0,0,0,0
3490,2011,40.32109833,-79.94219971,0,1,0,0,0,0
3451,2011,40.41450119,-79.8022995,0,1,0,0,0,0
3185,2011,40.46429825,-79.90059662,0,1,0,0,0,0
3524,2011,40.45800018,-80.01589966,0,1,0,0,0,0
1684,2011,40.6631012,-79.76830292,1,0,0,0,0,0
3055,2011,40.36700058,-80.10549927,0,1,0,0,0,0
4743,2011,40.49359894,-79.99410248,0,1,0,0,0,0
1255,2011,40.20119858,-79.91429901,0,1,0,0,0,0
469,2011,40.37540054,-79.98320007,1,2,0,0,0,0
3998,2011,40.35129929,-79.86129761,0,1,0,0,0,1
1410,2011,40.48180008,-79.7806015,2,1,0,0,0,0
2112,2011,40.44929886,-80.16739655,0,1,0,0,0,0
1470,2011,40.31639862,-79.90429688,1,0,0,0,0,0
649,2011,40.32649994,-80.07749939,0,1,0,0,0,0
3620,2011,40.36729813,-80.10469818,1,0,0,0,0,0
2783,2011,40.34320068,-79.8914032,0,1,0,0,0,0
370,2011,40.57600021,-80.11730194,0,1,0,0,0,0
1606,2011,40.42900085,-80.12989807,0,1,0,0,0,0
1410,2011,40.4776001,-79.78520203,0,1,0,0,0,0
3678,2011,40.63169861,-79.73239899,0,1,0,0,0,0
5152,2011,40.55770111,-79.98320007,1,0,0,0,0,0
1386,2011,40.45589828,-79.92259979,0,1,0,0,0,1
4134,2011,40.51900101,-80.0134964,1,0,0,0,0,0
4375,2011,40.62670135,-79.89620209,1,0,0,0,0,0
490,2011,40.44919968,-79.76229858,1,0,0,0,0,0
152,2011,40.40390015,-79.86219788,0,1,0,0,0,0
3792,2011,40.39310074,-79.76470184,0,1,0,0,0,0
1355,2011,40.50519943,-80.22299957,0,1,0,0,0,0
3642,2011,40.60200119,-80.09390259,0,1,0,0,0,0
2996,2011,40.44319916,-79.95349884,0,1,0,0,0,1
624,2011,40.42340088,-80.00959778,1,0,0,0,0,0
4886,2011,40.26060104,-79.84999847,0,1,0,0,0,0
4874,2011,40.38460159,-79.90370178,0,1,0,0,0,1
1106,2011,40.417099,-80.08660126,0,1,0,0,0,0
4000,2011,40.44419861,-80.02819824,0,1,0,0,0,0
,2010,,,0,2,0,0,0,0
2809,2011,40.65449905,-79.9048996,1,0,0,0,0,0
3594,2011,40.53649902,-79.84390259,0,1,0,0,0,0
1206,2011,40.61830139,-80.05549622,0,1,0,0,0,0
824,2011,40.32260132,-80.14459991,3,1,0,0,0,0
3802,2011,40.39839935,-80.08300018,0,1,0,0,0,1
1335,2011,40.31420135,-80.0196991,0,1,0,0,0,0
4464,2011,40.42990112,-79.8085022,1,0,0,0,0,0
1172,2011,40.35770035,-79.83580017,0,1,0,0,0,1
3472,2011,40.34270096,-79.96440125,1,0,0,0,1,0
1151,2011,40.47729874,-79.95400238,0,1,0,0,0,0
3831,2011,40.42770004,-79.9693985,1,0,0,0,1,0
2202,2011,40.43030167,-80.00060272,1,0,0,0,0,0
2469,2011,40.50659943,-79.84290314,1,0,0,0,1,0
3980,2011,40.46360016,-79.93060303,0,1,0,0,0,1
3133,2011,40.49250031,-79.93840027,0,1,0,0,0,0
1180,2011,40.43859863,-80.01989746,0,1,0,0,0,1
568,2011,40.40779877,-79.82060242,0,1,0,0,0,0
4049,2011,40.39459991,-79.79740143,0,1,0,0,0,0
1446,2011,40.37390137,-79.84500122,0,1,0,0,0,0
2819,2011,40.34130096,-80.0223999,0,1,0,0,0,0
1289,2011,40.35760117,-79.9016037,0,1,0,0,0,0
2125,2011,40.55680084,-80.08450317,0,1,0,0,0,0
3045,2011,40.61000061,-80.09490204,1,1,0,0,0,0
1807,2011,40.40039825,-80.20999908,0,1,0,0,0,0
933,2011,40.38499832,-80.02619934,0,1,0,0,0,0
3218,2011,40.53480148,-79.84590149,0,1,0,0,0,0
251,2011,40.6128006,-80.09500122,1,0,0,0,0,0
1369,2011,40.45080185,-80.00289917,0,1,0,0,0,0
367,2011,40.34780121,-80.11779785,0,2,0,0,0,0
375,2011,40.42599869,-79.83480072,0,1,0,0,0,0
3086,2011,40.43930054,-80.01049805,0,1,0,0,0,0
2262,2011,40.45610046,-79.89510345,0,1,0,0,0,0
3277,2012,40.5451011657715,-79.7706985473633,0,1,0,0,0,0
4103,2012,40.4295005798340,-80.1330032348633,0,3,0,0,0,0
2591,2012,40.4819984436035,-80.1156997680664,0,1,0,0,0,0
2939,2012,40.4670982360840,-79.8946990966797,0,1,0,0,0,0
4040,2012,40.2918014526367,-80.0298995971680,0,1,0,0,0,0
4059,2012,40.4752006530762,-79.7764968872070,0,1,0,0,0,0
3944,2012,40.4415016174316,-79.8282012939453,0,1,0,0,0,0
1347,2012,40.4672012329102,-80.3060989379883,0,2,0,0,0,0
2417,2012,40.4948005676270,-80.0652999877930,0,1,0,0,0,0
3156,2012,40.3451004,-79.84020233,0,1,0,0,0,1
1795,2012,40.60029984,-79.75710297,0,1,0,0,0,1
4442,2012,40.30979919,-79.90110016,0,1,0,0,0,0
652,2012,40.35250092,-79.83959961,1,1,0,0,0,0
2906,2012,40.33840179,-79.89820099,1,0,0,0,0,0
4765,2012,40.55899811,-80.08719635,0,1,0,0,0,0
2945,2012,40.34370041,-79.97059631,1,0,0,0,1,0
1275,2012,40.62239838,-80.06999969,0,1,0,0,0,0
819,2012,40.49269867,-79.94850159,0,1,0,0,0,0
2012,2012,40.32220078,-79.9260025,0,2,0,0,0,0
2911,2012,40.48830032,-79.93740082,1,0,0,0,0,0
3965,2012,40.44139862,-80.00879669,0,1,0,0,0,0
2262,2012,40.4552002,-79.89099884,0,1,0,0,0,0
1481,2012,40.32860184,-80.02899933,1,0,0,0,0,0
1477,2012,40.47380066,-79.85620117,0,2,0,0,0,0
2566,2012,40.44219971,-79.82649994,1,0,0,0,0,0
2144,2012,40.44219971,-79.957901,0,1,0,0,0,1
2199,2012,40.58649826,-79.95030212,1,0,0,0,0,0
1217,2012,40.54130173,-80.20220184,0,1,0,0,0,0
2666,2012,40.34069824,-79.96440125,0,1,0,0,0,0
4621,2012,40.38489914,-80.09020233,0,2,0,0,0,0
1606,2014,40.42779922,-80.12660217,0,1,0,0,0,0
3890,2012,40.58110046,-79.97090149,0,1,0,0,0,0
3442,2012,40.19779968,-79.89530182,0,1,0,0,0,0
2948,2012,40.44400024,-80.04060364,0,1,0,0,0,0
943,2012,40.35850143,-80.11219788,0,1,0,0,0,1
426,2012,40.46080017,-79.86799622,1,0,0,0,1,0
3403,2012,40.43730164,-79.96559906,0,1,0,0,0,0
3600,2012,40.49440002,-79.94249725,1,0,0,0,0,0
1382,2012,40.4292984,-79.94190216,0,1,0,0,0,0
2471,2012,40.34889984,-79.93900299,0,1,0,0,0,0
3189,2012,40.43740082,-80.20249939,0,1,0,0,0,0
1183,2012,40.46250153,-79.92780304,0,1,0,0,0,0
3617,2012,40.49959946,-79.86370087,1,1,0,0,0,0
2017,2012,40.65940094,-79.88269806,0,1,0,0,0,0
1599,2012,40.40650177,-79.93969727,0,1,0,0,0,0
1649,2012,40.39300156,-80.06330109,0,1,0,0,0,0
4242,2012,40.30149841,-79.79660034,1,0,0,0,0,0
3813,2012,40.44820023,-79.978302,0,1,0,0,0,0
100,2012,40.45299911,-80.03939819,0,1,0,0,0,0
1975,2012,40.44060135,-79.87660217,2,0,0,0,0,0
527,2012,40.44029999,-80.01830292,0,1,0,0,0,0
1196,2012,40.44469833,-80.17669678,0,2,0,0,0,0
2723,2012,40.47129822,-79.97409821,1,0,0,0,0,0
856,2012,40.4762001,-79.8483963,0,1,0,0,0,0
328,2012,40.44049835,-79.99150085,0,1,0,0,0,0
2951,2012,40.44409943,-79.92790222,0,1,0,0,0,1
1520,2012,40.44150162,-79.76139832,0,1,0,0,0,0
3158,2012,40.44540024,-79.76529694,0,1,0,0,0,0
570,2012,40.50709915,-80.24120331,0,1,0,0,0,0
3191,2012,40.48699951,-79.91629791,1,0,0,0,0,0
4874,2012,40.37689972,-79.90930176,0,1,0,0,0,0
2425,2012,40.37260056,-79.80709839,0,1,0,0,0,0
1265,2012,40.44070053,-80.01879883,0,1,0,0,0,0
1038,2012,40.46369934,-79.8513031,0,1,0,0,0,0
1285,2012,40.62220001,-79.76300049,0,1,0,0,0,0
1233,2012,40.40969849,-80.00509644,0,1,0,0,0,0
3149,2012,40.48609924,-80.03320313,0,1,0,0,0,0
973,2012,40.582901,-80.00270081,0,1,0,0,0,0
2956,2012,40.52399826,-79.8348999,0,1,0,0,0,0
5048,2012,40.44850159,-80.02269745,0,1,0,0,0,0
4659,2012,40.58869934,-79.8864975,1,0,0,0,0,0
1079,2012,40.40060043,-80.14679718,0,1,0,0,0,0
3976,2012,40.3445015,-79.88349915,0,1,0,0,0,0
699,2012,40.27529907,-79.9552002,0,1,0,0,0,0
2392,2012,40.42890167,-79.71749878,0,1,0,0,0,0
1490,2012,40.40359879,-80.01979828,0,1,0,0,0,0
1018,2012,40.4455986,-80.14399719,0,1,0,0,0,0
819,2012,40.49300003,-79.94750214,0,1,0,0,0,0
5052,2012,40.36429977,-79.80970001,1,0,0,0,0,0
2148,2012,40.44150162,-79.99549866,0,1,0,0,0,0
2872,2012,40.39080048,-79.96679688,0,1,0,0,0,0
990,2012,40.45420074,-79.97789764,0,1,0,0,0,0
756,2012,40.45149994,-79.96469879,0,1,0,0,0,0
4364,2012,40.66139984,-79.75740051,1,0,0,0,0,0
2118,2012,40.4455986,-79.84449768,0,1,0,0,0,0
3628,2012,40.40200043,-80.00060272,0,1,0,0,0,0
1108,2012,40.41059875,-80.07129669,1,0,0,0,0,0
2940,2012,40.44589996,-80.01170349,0,1,0,0,0,1
3170,2012,40.59329987,-79.94789886,0,1,0,0,0,0
2334,2012,40.43460083,-79.9897995,0,1,0,0,0,0
3661,2012,40.41189957,-79.94499969,0,1,0,0,0,0
110,2012,40.50999832,-80.09339905,0,1,0,0,0,0
4232,2012,40.32519913,-79.88549805,0,1,0,0,0,0
1265,2012,40.44290161,-80.02480316,0,1,0,0,0,0
3399,2012,40.38700104,-79.79979706,0,1,0,0,0,0
3086,2012,40.43709946,-80.00309753,0,1,0,0,0,0
2641,2012,40.44350052,-80.05400085,0,1,0,0,0,0
2728,2012,40.31560135,-79.83149719,0,1,0,0,0,0
3009,2012,40.41059875,-80.01529694,0,1,0,0,0,0
1588,2012,40.51390076,-79.95149994,0,1,0,0,0,0
4557,2012,40.56900024,-79.7983017,1,0,0,0,0,0
1997,2012,40.4029007,-80.06040192,0,1,0,0,0,1
1403,2012,40.38150024,-79.91200256,0,1,0,0,0,0
2814,2012,40.34120178,-79.87280273,0,1,0,0,0,0
3414,2012,40.55459976,-80.20259857,0,1,0,0,0,0
1112,2012,40.42589951,-79.89859772,0,1,0,0,0,0
1609,2012,40.60979843,-79.76139832,1,0,0,0,1,0
897,2012,40.66630173,-79.7440033,0,2,0,0,0,0
1080,2012,40.30400085,-80.07019806,0,1,0,0,0,0
3369,2012,40.65200043,-80.05699921,0,1,0,0,0,0
4736,2012,40.45550156,-80.28959656,1,0,0,0,0,0
1316,2012,40.54380035,-79.76059723,0,2,0,0,0,0
1508,2012,40.37450027,-80.07330322,0,1,0,0,0,1
2041,2012,40.33649826,-79.97899628,0,1,0,0,0,0
3363,2012,40.53179932,-80.06780243,1,0,0,0,0,0
3620,2012,40.36809921,-80.103302,0,1,0,0,0,0
2952,2012,40.46829987,-80.12799835,0,1,0,0,0,0
2251,2012,40.39459991,-80.06620026,1,0,0,0,1,0
4022,2012,40.38199997,-79.9957962,0,1,0,0,0,0
3891,2012,40.61270142,-79.96379852,0,2,0,0,0,0
1893,2012,40.4980011,-79.86589813,0,1,0,0,0,0
2016,2012,40.43099976,-80.00160217,0,1,0,0,0,1
3541,2012,40.44309998,-79.99749756,0,1,0,0,0,1
4012,2012,40.44599915,-80.17269897,0,1,0,0,0,0
4064,2012,40.44179916,-79.99250031,0,1,0,0,0,0
1018,2012,40.44860077,-80.14189911,1,0,0,0,0,0
1582,2012,40.32569885,-79.91069794,2,0,0,0,0,0
739,2012,40.37170029,-80.0891037,0,1,0,0,0,0
3824,2012,40.46530151,-79.95130157,0,1,0,1,0,0
829,2012,40.38199997,-80.09410095,0,1,0,0,0,0
2885,2012,40.42160034,-80.05220032,0,1,0,0,0,1
787,2012,40.44839859,-79.89920044,0,1,0,0,0,1
701,2012,40.34759903,-79.83260345,0,1,0,0,0,1
3599,2012,40.457901,-79.98709869,1,0,0,0,0,0
1490,2012,40.39839935,-80.02600098,0,1,0,0,0,0
3488,2012,40.37659836,-79.92060089,0,1,0,0,0,0
3831,2013,40.42829895,-79.97319794,0,1,0,0,0,1
198,2013,40.49909973,-80.05310059,0,1,0,0,0,0
186,2013,40.35200119,-79.85949707,1,0,0,0,1,0
2605,2013,40.44129944,-80.00489807,1,0,0,0,0,0
783,2013,40.46020126,-79.80940247,0,2,0,0,0,0
1640,2013,40.44850159,-80.01280212,0,2,0,0,0,0
2201,2013,40.60559845,-80.05130005,1,0,0,0,0,0
2734,2013,40.44039917,-80.08049774,1,0,0,0,0,0
2957,2013,40.39319992,-79.9865036,1,0,0,0,1,0
2636,2013,40.42070007,-79.81729889,0,1,0,0,0,0
1531,2013,40.43740082,-79.97769928,1,0,0,0,1,0
3167,2013,40.45740128,-79.89630127,0,1,0,0,0,1
3534,2013,40.46089935,-79.91519928,0,1,0,0,0,1
2996,2013,40.44029999,-79.95880127,0,1,0,0,0,1
4092,2013,40.37450027,-79.92050171,1,1,0,0,0,0
2164,2013,40.39609909,-80.02410126,0,1,0,0,0,0
4008,2013,40.42480087,-79.77189636,0,1,0,0,0,0
991,2013,40.46060181,-79.94709778,0,1,0,0,0,1
4317,2013,40.55820084,-79.92030334,0,2,0,0,0,0
2953,2013,40.5279007,-79.98629761,0,1,0,0,0,0
2187,2013,40.40409851,-79.99030304,0,1,0,0,0,1
3134,2013,40.42760086,-79.89109802,0,1,0,0,0,0
4130,2013,40.47600174,-80.05259705,0,1,0,0,0,0
469,2013,40.375,-79.98290253,1,0,0,0,0,0
4974,2013,40.42100143,-80.21140289,0,1,0,0,0,0
1184,2013,40.43399811,-79.75319672,0,1,0,0,0,0
3053,2013,40.44409943,-79.98799896,0,1,0,0,0,0
1389,2013,40.42300034,-79.84329987,1,0,0,0,1,0
822,2013,40.49169922,-79.89209747,1,0,0,0,0,0
2226,2013,40.37860107,-79.80490112,0,1,0,0,0,0
3591,2013,40.5177002,-80.03050232,0,1,0,0,0,0
3227,2013,40.65739822,-79.72309875,0,1,0,0,0,0
4040,2013,40.29180145,-80.0298996,0,1,0,0,0,0
3365,2013,40.54470062,-80.03990173,0,1,0,0,0,0
4864,2013,40.56800079,-79.85540009,0,1,0,0,0,0
2097,2013,40.37829971,-79.85220337,0,1,0,0,0,0
2046,2013,40.46910095,-79.96279907,0,1,0,0,0,0
1162,2013,40.4192009,-80.00959778,0,1,0,0,0,0
1490,2013,40.39910126,-80.02500153,1,1,0,0,0,0
4390,2013,40.667099,-79.76270294,1,0,0,0,1,0
833,2013,40.40530014,-80.08360291,0,1,0,0,0,0
2952,2013,40.46879959,-80.12689972,0,1,0,0,0,0
3599,2013,40.46089935,-79.98310089,0,1,0,0,0,0
807,2013,40.63690186,-79.93890381,0,1,0,0,0,0
2946,2013,40.45589828,-80.00460052,1,0,0,0,0,0
3636,2013,40.37379837,-80.00640106,0,1,0,0,0,1
3459,2013,40.38489914,-80.05339813,0,1,0,0,0,0
4651,2013,40.40829849,-80.08760071,0,1,0,1,0,0
1450,2013,40.30770111,-79.83550262,0,1,0,0,0,0
1151,2013,40.48149872,-79.94129944,0,1,0,0,0,0
1070,2013,40.37929916,-79.93640137,1,0,1,0,0,0
1902,2013,40.27209854,-79.88490295,0,1,0,0,0,0
4833,2013,40.63619995,-80.05410004,0,1,0,0,0,0
311,2013,40.46519852,-79.95800018,0,1,0,0,0,0
950,2013,40.64789963,-79.84719849,1,0,0,0,0,0
2564,2013,40.34479904,-79.96130371,0,1,0,0,0,0
1464,2013,40.48160172,-79.80760193,1,0,0,0,1,0
2334,2013,40.43460083,-79.9897995,0,1,0,0,0,0
4217,2013,40.47330093,-80.00099945,1,0,0,0,0,0
182,2013,40.31029892,-79.99009705,0,1,0,0,0,0
2130,2013,40.55590057,-80.08509827,2,0,0,0,0,0
3170,2013,40.5945015,-79.94779968,0,1,0,0,0,0
1499,2013,40.54790115,-79.97219849,0,1,0,0,0,0
4169,2013,40.50880051,-79.85189819,0,1,0,0,0,0
2028,2013,40.48009872,-80.35929871,1,1,0,0,0,0
4571,2013,40.64369965,-79.77580261,0,1,0,0,0,0
1660,2013,40.48400116,-79.81289673,0,1,0,0,0,0
2702,2013,40.31880188,-80.08799744,0,1,0,0,0,0
3773,2013,40.41030121,-80.01560211,0,1,0,0,0,0
884,2013,40.57289886,-79.79039764,0,1,0,0,0,0
5169,2013,40.4693985,-79.92910004,0,1,0,0,0,1
2361,2013,40.56919861,-80.07730103,1,0,0,0,0,0
4,2013,40.37329865,-79.95770264,0,1,0,0,0,0
1731,2013,40.25799942,-79.90470123,1,0,0,0,0,0
1175,2013,40.52709961,-79.95030212,0,2,0,0,0,0
3139,2013,40.46110153,-79.90979767,0,1,0,0,0,0
2728,2013,40.31539917,-79.83100128,0,1,0,0,0,1
2299,2013,40.50320053,-79.84329987,0,1,0,0,0,0
3185,2013,40.46360016,-79.90329742,1,0,0,0,0,0
990,2013,40.44919968,-79.98539734,0,1,0,0,0,1
2817,2013,40.2784996,-79.85590363,0,1,0,0,0,0
1154,2013,40.48820114,-80.01529694,0,1,0,0,0,0
3474,2013,40.40119934,-80.0184021,0,1,0,0,0,0
1173,2013,40.43719864,-79.77549744,1,0,0,0,1,0
245,2013,40.58720016,-79.74949646,0,1,0,0,0,0
3147,2013,40.44800186,-80.01779938,0,1,0,0,0,0
2207,2013,40.45780182,-79.98750305,0,1,0,0,0,0
2856,2013,40.62179947,-80.05419922,1,0,0,0,0,0
888,2013,40.62990189,-79.96869659,0,1,0,0,0,0
3816,2013,40.41680145,-80.01450348,2,1,0,0,0,0
958,2013,40.47470093,-80.07990265,0,1,0,0,0,1
3576,2013,40.45529938,-80.02970123,0,1,0,0,0,0
186,2013,40.35179901,-79.86219788,0,1,0,0,0,0
1387,2013,40.39310074,-79.88629913,0,1,0,0,0,0
1412,2013,40.38150024,-79.81269836,0,1,0,0,0,0
3556,2013,40.45660019,-79.93009949,0,1,0,0,0,1
1671,2013,40.53689957,-79.83920288,0,1,0,0,0,1
4195,2013,40.52809906,-79.88079834,1,0,0,0,0,0
3764,2013,40.61410141,-80.14420319,1,0,0,0,0,0
2325,2013,40.36050034,-79.84539795,0,1,0,0,0,0
2932,2013,40.38959885,-79.95610046,0,1,0,0,0,0
1408,2013,40.3431015,-80.03489685,0,1,0,0,0,0
3656,2013,40.42959976,-79.99749756,0,3,0,0,0,0
1885,2013,40.41590118,-79.84750366,0,1,0,0,0,1
990,2013,40.45130157,-79.98220062,1,0,0,0,1,0
4776,2013,40.5033989,-79.94850159,0,1,0,0,0,0
3023,2013,40.5,-80.01249695,0,1,0,0,0,0
2967,2013,40.44900131,-79.98310089,1,0,0,0,0,0
5061,2013,40.4518013,-79.79689789,0,1,0,0,0,0
2682,2013,40.52149963,-79.94879913,0,1,0,0,0,0
302,2013,40.48429871,-80.09059906,0,1,0,0,0,0
1821,2013,40.48669815,-79.81009674,0,2,0,0,0,0
369,2013,40.55289841,-80.11710358,0,1,0,0,0,0
3635,2013,40.48680115,-80.05500031,1,0,0,0,1,0
3780,2013,40.42950058,-79.95670319,0,1,0,0,0,0
1524,2013,40.4396019,-79.89949799,0,1,0,0,0,0
1395,2013,40.48270035,-79.77149963,1,0,0,0,0,0
4464,2013,40.43059921,-79.81439972,0,1,0,0,0,0
3673,2014,40.54850006,-79.77749634,1,0,0,0,0,0
461,2014,40.28779984,-79.99900055,0,1,0,0,0,0
3897,2014,40.45999908,-79.86630249,0,1,0,0,0,0
1162,2014,40.42050171,-80.00640106,0,1,0,0,0,0
863,2014,40.35279846,-79.97799683,1,0,0,0,0,0
403,2014,40.3905983,-79.9598999,0,1,0,0,0,0
1038,2014,40.46469879,-79.85430145,0,1,0,0,0,0
845,2014,40.44390106,-80.09780121,0,1,0,0,0,0
2065,2014,40.42490005,-80.19180298,0,1,0,0,0,0
914,2014,40.332901,-80.00019836,0,1,0,0,0,0
1303,2014,40.47439957,-80.00540161,0,1,0,0,0,0
3555,2014,40.44919968,-79.88410187,0,2,0,0,0,0
3832,2014,40.61389923,-79.94730377,1,0,0,0,0,0
1113,2014,40.42950058,-79.87689972,0,1,0,0,0,0
3684,2014,40.29299927,-79.88549805,1,0,0,0,1,0
1238,2014,40.56359863,-80.20839691,0,1,0,0,0,0
3881,2014,40.5196991,-80.21779633,1,0,0,0,0,0
2265,2014,40.42879868,-79.98200226,0,1,0,0,0,1
2728,2014,40.31520081,-79.83070374,0,1,0,0,0,0
804,2014,40.46659851,-80.0345993,0,1,0,0,0,0
2782,2014,40.37540054,-79.92669678,0,1,0,0,0,0
3784,2014,40.45069885,-79.9355011,0,1,0,0,0,1
918,2014,40.45000076,-79.86789703,0,1,0,0,0,1
3203,2014,40.4654007,-80.11260223,0,1,0,0,0,0
3612,2014,40.43040085,-79.71040344,0,1,0,0,0,0
4130,2014,40.47689819,-80.04910278,0,1,0,0,0,0
1649,2014,40.39210129,-80.06159973,0,1,0,0,0,0
1490,2014,40.40159988,-80.02230072,0,1,0,0,0,0
4041,2014,40.44350052,-80.00460052,0,1,0,0,0,0
3031,2014,40.4416008,-80.0039978,0,1,0,0,0,0
2517,2014,40.62810135,-80.02390289,0,1,0,0,0,0
3774,2014,40.52289963,-79.96029663,0,1,0,0,0,0
1216,2014,40.52750015,-80.18520355,0,1,0,0,0,0
4075,2014,40.49069977,-79.90750122,0,1,0,0,0,0
2792,2014,40.45610046,-79.96489716,0,1,0,0,0,0
2759,2014,40.47000122,-80.03659821,0,1,0,0,0,0
2988,2014,40.45500183,-79.86370087,1,0,0,0,0,0
3426,2014,40.49290085,-80.12680054,1,0,0,0,0,0
767,2014,40.44120026,-79.99729919,0,1,0,0,0,1
887,2014,40.49440002,-79.92030334,0,1,0,0,0,1
613,2014,40.44409943,-80.02809906,0,1,0,0,0,0
1227,2014,40.38790131,-79.99639893,1,0,0,0,0,0
3191,2014,40.48740005,-79.91840363,0,3,0,0,0,0
3308,2014,40.52050018,-80.13079834,0,1,0,0,0,0
498,2014,40.49110031,-79.87640381,1,0,0,0,0,0
3979,2014,40.44430161,-79.9178009,0,1,0,0,0,0
1927,2014,40.56719971,-80.01650238,1,0,0,0,0,0
1248,2014,40.53760147,-80.12400055,0,1,0,0,0,0
1120,2014,40.43899918,-79.99479675,0,1,0,0,0,0
2870,2014,40.52310181,-80.17749786,0,2,0,0,0,0
1359,2014,40.6446991,-80.00910187,0,1,0,0,0,0
2134,2014,40.66529846,-80.09149933,1,0,0,0,0,0
2183,2014,40.41289902,-79.99749756,0,1,0,0,0,0
3939,2014,40.42520142,-80.12059784,0,1,0,0,0,0
2490,2014,40.2881012,-79.99669647,0,1,0,0,0,0
3581,2014,40.36669922,-79.88559723,0,1,0,0,0,0
4135,2014,40.5019989,-80.00289917,0,3,0,0,0,0
698,2014,40.43069839,-79.75140381,0,1,0,0,0,0
2870,2014,40.52310181,-80.17749786,0,1,0,1,0,0
3663,2014,40.44869995,-80.02390289,0,1,0,0,0,0
1078,2014,40.6515007,-79.93990326,0,1,0,0,0,0
786,2014,40.55020142,-80.00450134,0,1,0,0,0,0
3521,2014,40.56919861,-80.08999634,1,0,0,0,1,0
3717,2014,40.43510056,-79.97309875,1,0,0,0,0,0
2187,2014,40.3993988,-79.98899841,0,1,0,0,0,1
1127,2014,40.46009827,-79.98529816,0,1,0,0,0,0
3619,2014,40.5019989,-80.12000275,1,0,0,0,1,0
1585,2014,40.4836998,-80.10710144,0,1,0,0,0,0
2846,2014,40.48469925,-79.81980133,0,2,0,0,0,1
1423,2014,40.45230103,-79.88690186,0,2,0,0,0,0
3281,2014,40.29460144,-79.89320374,0,1,0,0,0,0
2515,2014,40.5766983,-79.97029877,0,1,0,0,0,0
2215,2014,40.39770126,-79.76930237,0,1,0,0,0,0
3114,2014,40.43259811,-80.02999878,0,1,0,0,0,0
3459,2014,40.38029861,-80.05259705,0,1,0,0,0,1
3461,2014,40.58739853,-80.07029724,0,1,0,0,0,0
2927,2014,40.60680008,-79.7609024,0,1,0,0,0,0
4071,2014,40.56510162,-79.77500153,0,1,0,0,0,1
1654,2014,40.47769928,-79.78549957,0,1,0,1,0,0
933,2014,40.38690186,-80.02749634,0,1,0,0,0,1
3353,2014,40.53210068,-80.23010254,0,1,0,0,0,0
2164,2014,40.39580154,-80.02300262,0,1,0,0,0,1
3734,2014,40.39070129,-80.07420349,0,1,0,0,0,1
4717,2014,40.39559937,-80.18440247,0,1,0,0,0,0
2681,2014,40.41559982,-79.73040009,1,0,0,0,0,0
2292,2014,40.43590164,-79.7858963,0,1,0,0,0,0
891,2014,40.66759872,-79.71630096,0,1,0,0,0,0
1402,2014,40.52050018,-80.14019775,1,0,0,0,0,0
2332,2014,40.43220139,-80.00389862,1,1,0,0,1,1
4039,2014,40.36199951,-80.11869812,0,2,0,0,0,0
818,2014,40.48270035,-79.96260071,1,0,0,0,0,0
,2014,40.66799927,-80.10379791,0,1,0,0,0,0
,2014,40.34429932,-80.05010223,1,0,0,0,1,0
,2014,40.34019852,-80.05329895,1,0,0,0,1,0
,2010,40.4076004,-79.91100311,0,1,0,0,0,1
,2010,,,0,1,0,0,0,0
,2010,40.46360016,-79.9838028,0,1,0,0,0,0
,2010,40.23709869,-79.88359833,0,1,0,0,0,0
,2010,40.46630096,-79.88459778,0,1,0,0,0,0
,2010,40.4618988,-79.94689941,0,1,0,0,0,0
,2010,40.43220139,-80.2661972,0,1,0,0,0,0
,2010,40.37549973,-79.96790314,0,1,0,0,0,0
,2010,40.4552002,-80.02259827,0,1,0,0,0,0
,2010,40.42070007,-79.99890137,0,2,0,2,0,0
,2010,40.4654007,-79.80899811,0,1,0,0,0,0
,2010,40.43619919,-80.03359985,0,1,0,0,0,0
,2010,40.46590042,-79.94090271,0,1,0,0,0,1
,2010,40.62990189,-79.9536972,0,1,0,0,0,0
,2010,40.63510132,-79.93039703,0,1,0,0,0,0
,2010,40.45769882,-79.89379883,0,1,0,0,0,0
,2010,40.37530136,-80.03289795,0,1,0,0,0,0
,2010,40.54769897,-79.80840302,0,1,0,0,0,0
,2010,40.51440048,-80.15460205,0,1,0,1,0,0
,2010,40.45370102,-79.76889801,0,1,0,0,0,0
,2010,40.36380005,-79.99310303,0,1,0,0,0,0
,2010,40.43659973,-79.74269867,0,1,0,0,0,0
,2010,40.35689926,-79.98210144,0,1,0,0,0,0
,2010,40.40539932,-79.84210205,0,1,0,0,0,0
,2010,40.35290146,-80.0530014,1,0,0,0,1,0
,2010,40.46720123,-79.9539032,0,1,0,0,0,0
,2010,40.60800171,-79.94909668,0,1,0,0,0,0
,2010,40.64390182,-80.06210327,0,1,0,0,0,1
,2010,40.39170074,-80.08300018,0,1,0,1,0,0
,2010,40.40579987,-79.90750122,0,1,0,0,0,0
,2010,,,0,2,0,0,0,0
,2010,40.41289902,-80.24549866,0,3,0,0,0,0
,2010,40.3429985,-79.85440063,0,1,0,0,0,1
,2010,,,0,1,0,0,0,0
,2010,40.51699829,-80.02200317,0,1,0,0,0,0
,2010,40.42129898,-79.93730164,0,1,0,0,0,0
,2010,40.45080185,-80.18430328,0,1,0,0,0,0
,2010,40.46260071,-80.2201004,0,1,0,0,0,0
,2010,40.53609848,-80.08630371,0,1,0,0,0,0
,2010,40.53480148,-80.04530334,0,1,0,0,0,1
,2010,40.42660141,-79.79419708,0,1,0,0,0,0
,2010,40.53030014,-79.8757019,0,1,0,0,0,0
,2010,40.34429932,-79.94069672,0,1,0,0,0,0
,2010,40.4720993,-79.94329834,0,2,0,0,0,0
,2011,40.48509979,-80.01270294,0,1,0,0,0,0
,2011,40.36970139,-79.85369873,0,1,0,0,0,0
,2011,40.52410126,-80.02649689,0,1,0,0,0,1
,2011,40.3871994,-79.97740173,0,1,0,0,0,0
,2011,,,0,1,0,0,0,1
,2011,40.59280014,-79.8391037,0,1,0,0,0,0
,2011,40.47109985,-80.07080078,0,1,0,0,0,1
,2011,40.34109879,-79.84660339,0,1,0,0,0,0
,2011,40.45920181,-80.01760101,0,1,0,0,0,1
,2011,40.35950089,-80.10099792,0,1,0,0,0,1
,2011,40.40719986,-79.7437973,0,1,0,0,0,0
,2011,40.45130157,-79.88999939,0,1,0,0,0,0
,2011,40.35020065,-79.89040375,0,1,0,1,0,0
,2011,40.39080048,-79.87110138,0,1,0,0,0,1
,2011,40.43930054,-80.04190063,0,1,0,0,0,0
,2011,40.30690002,-79.95420074,1,1,0,0,0,0
,2011,40.37110138,-79.85829926,0,1,0,0,0,0
,2011,40.52949905,-79.95500183,0,1,0,0,0,0
,2011,40.49340057,-79.80899811,0,1,0,0,0,0
,2011,40.44689941,-80.21099854,0,1,0,0,0,0
,2011,,,0,1,0,0,0,0
,2011,40.60820007,-80.00370026,0,1,0,0,0,0
,2011,40.5503006,-79.98509979,0,1,0,0,0,0
,2011,40.43299866,-80.00370026,0,1,0,0,0,1
,2012,40.4244995117188,-80.0102996826172,0,1,0,0,0,1
,2012,40.3771018981934,-80.0244979858398,0,1,0,0,0,0
,2012,40.3445014953613,-79.8837966918945,1,1,0,0,0,0
,2012,40.61899948,-80.06639862,0,1,0,0,0,1
,2012,40.42499924,-79.94219971,0,1,0,0,0,0
,2012,40.45980072,-80.02059937,0,1,0,0,0,1
,2012,40.5705986,-80.16870117,0,1,0,0,0,0
,2012,40.46689987,-80.05599976,0,2,0,0,0,0
,2012,40.41130066,-79.91329956,1,0,0,0,1,0
,2012,40.46459961,-79.91040039,0,1,0,0,0,0
,2012,40.44430161,-80.25749969,0,1,0,0,0,1
,2012,40.45470047,-80.19499969,0,1,0,0,0,0
,2012,40.45610046,-79.95410156,0,1,0,0,0,0
,2012,40.48429871,-80.02349854,0,1,0,0,0,1
,2012,40.6067009,-79.86640167,0,1,0,0,0,0
,2012,40.43700027,-79.9910965,0,1,0,0,0,0
,2012,40.43119812,-80.15519714,0,2,0,0,0,0
,2012,40.46450043,-79.70960236,0,1,0,0,0,0
,2012,40.45330048,-80.04959869,0,1,0,0,0,1
,2012,40.37319946,-79.85359955,0,1,0,0,0,1
,2012,40.49950027,-80.06199646,0,1,0,0,0,0
,2012,40.54339981,-79.72910309,0,1,0,0,0,0
,2012,,,0,1,0,0,0,1
,2012,40.39550018,-80.01779938,0,1,0,0,0,0
,2012,40.39979935,-79.92030334,0,1,0,0,0,0
,2012,40.32130051,-80.06860352,0,1,0,0,0,0
,2012,40.49769974,-80.03140259,0,1,0,0,0,0
,2012,40.53960037,-79.82980347,0,1,0,0,0,0
,2012,40.54100037,-80.17749786,0,1,0,0,0,1
,2012,40.48120117,-79.95249939,0,1,0,0,0,1
,2012,40.45880127,-79.89230347,0,1,0,0,0,0
,2012,40.43270111,-79.88369751,0,1,0,0,0,1
,2012,40.55540085,-80.22319794,0,1,0,0,0,0
,2012,,,0,1,0,0,0,0
,2012,40.3423996,-80.05940247,0,1,0,0,0,1
,2013,40.34249878,-79.87840271,0,1,0,0,0,0
,2013,40.65579987,-80.0739975,0,1,0,0,0,0
,2013,40.20849991,-79.90429688,0,1,0,0,0,0
,2013,40.29729843,-80.02390289,0,1,0,0,0,0
,2013,40.32410049,-80.12020111,0,1,0,0,0,0
,2013,40.44589996,-79.90139771,0,1,0,1,0,0
,2013,,,0,1,0,0,0,0
,2013,40.38959885,-79.81950378,0,1,0,0,0,0
,2013,40.22430038,-79.8348999,0,1,0,0,0,0
,2013,,,0,1,0,0,0,0
,2013,40.29359818,-79.90499878,1,0,0,0,1,0
,2013,40.4294014,-79.97619629,0,1,0,0,0,0
,2013,40.52119827,-79.83899689,0,1,0,0,0,1
,2013,40.37269974,-79.84670258,0,1,0,0,0,0
,2013,40.4681015,-79.94719696,0,1,0,0,0,0
,2013,,,0,1,0,0,0,0
,2013,40.32099915,-80.04460144,0,1,0,0,0,0
,2013,40.45909882,-80.00839996,0,1,0,0,0,0
,2013,40.42070007,-79.88539886,0,1,0,0,0,0
,2013,40.43560028,-79.88569641,0,1,0,0,0,0
,2013,40.57839966,-79.96679688,0,1,0,0,0,0
,2013,40.42630005,-80.01779938,0,2,0,0,0,0
,2013,40.62929916,-79.94480133,0,1,0,0,0,0
,2013,40.44549942,-79.96130371,0,2,0,0,0,0
,2014,40.55960083,-79.97730255,0,1,0,0,0,0
,2014,40.45330048,-79.87889862,0,1,0,0,0,0
,2014,40.34170151,-79.8144989,0,1,0,0,0,0
,2014,,,0,1,0,0,0,0
,2014,40.67459869,-80.10590363,0,1,0,0,0,0
,2014,40.57619858,-79.99510193,0,1,0,0,0,0
,2014,40.4294014,-79.97619629,1,0,0,0,1,0
,2014,40.32220078,-80.00830078,0,1,0,0,0,0
,2014,40.52069855,-79.83380127,0,1,0,0,0,1
,2014,40.48419952,-80.01110077,0,1,0,0,0,0
,2014,40.42499924,-80.00009918,0,1,0,0,0,1
,2014,40.46889877,-80.03150177,0,1,0,0,0,0
,2014,40.40790176,-80.02850342,0,1,0,0,0,0
,2014,40.41189957,-80.02290344,0,1,0,0,0,0
,2014,40.40999985,-79.83670044,0,1,0,0,0,0
,2014,40.3382988,-79.83789825,1,0,0,0,1,0
,2014,40.45510101,-79.89510345,0,1,0,0,0,0
,2014,40.32369995,-79.80319977,0,1,0,0,0,0
,2014,40.45510101,-79.89489746,0,1,0,0,0,1
,2014,40.40950012,-79.8003006,0,1,0,0,0,0
,2014,40.31819916,-79.94609833,0,1,0,0,0,0
,2014,40.45040131,-79.89859772,0,2,0,0,0,0
,2014,40.4742012,-80.07589722,0,1,0,0,0,1
,2014,40.39690018,-80.11199951,0,1,0,0,0,0
,2014,40.39170074,-79.98699951,0,1,0,0,0,1
,2014,,,0,1,0,0,0,0
1029,2010,40.44919968,-79.90129852,0,1,0,0,0,0
2848,2010,40.41389847,-80.00959778,0,2,0,0,0,0
3988,2010,40.37369919,-79.84480286,0,1,0,0,0,0
3620,2010,40.36569977,-80.10759735,0,1,0,0,0,1
2017,2010,40.65890121,-79.88310242,0,1,0,0,0,0
3139,2010,40.46500015,-79.91419983,1,0,0,0,0,0
3961,2010,40.48289871,-80.03649902,0,1,0,0,0,0
2434,2010,40.50510025,-80.02130127,0,1,0,0,0,0
881,2010,40.45740128,-79.96179962,0,1,0,0,0,1
1018,2010,40.44419861,-80.14710236,0,1,0,0,0,0
1291,2010,40.43439865,-79.82240295,1,1,0,0,0,0
2763,2010,40.29410172,-79.83209991,0,1,0,0,0,0
426,2010,40.46080017,-79.86840057,1,1,0,0,0,0
498,2010,40.49169922,-79.87490082,0,1,0,0,0,0
760,2010,40.39920044,-80.02929688,0,1,0,0,0,0
3400,2010,40.42039871,-80.03240204,3,0,0,0,0,0
3440,2010,40.52180099,-79.97309875,0,1,0,0,0,0
3261,2010,40.3783989,-79.85220337,2,2,0,0,0,0
1135,2010,40.65250015,-80.0542984,1,0,0,0,0,0
2717,2010,40.38759995,-79.77349854,1,0,0,0,0,0
812,2010,40.45270157,-79.91040039,0,1,0,0,0,0
2877,2010,40.57490158,-79.98970032,1,0,0,0,0,0
2245,2010,40.52270126,-80.14710236,0,1,0,0,0,0
4209,2010,40.51229858,-79.97180176,0,1,0,0,0,0
2183,2010,40.41429901,-79.99469757,1,0,0,0,1,0
2335,2010,40.50159836,-79.85179901,0,1,0,0,0,0
1382,2010,40.42839813,-79.94709778,0,2,0,0,0,0
1318,2010,40.49060059,-79.81990051,0,1,0,0,0,0
2970,2010,40.54629898,-79.90579987,1,0,1,0,0,0
4072,2010,40.59880066,-79.76339722,0,1,0,0,0,0
3237,2010,40.25159836,-79.87809753,0,1,0,0,0,0
841,2010,40.34389877,-79.79879761,0,1,0,0,0,0
2950,2010,40.56420135,-80.22859955,1,0,0,0,1,0
1406,2010,40.32400131,-79.9434967,0,2,0,0,0,0
124,2010,40.43019867,-80.01370239,1,0,0,0,0,0
1460,2010,40.42869949,-79.98049927,0,1,0,0,0,1
2759,2010,40.47480011,-80.03980255,0,1,0,0,0,0
4809,2010,40.62670135,-80.00250244,0,1,0,0,0,0
2042,2010,40.43889999,-79.76049805,0,1,0,0,0,0
4017,2010,40.36909866,-79.78240204,0,1,0,0,0,0
230,2010,40.5768013,-79.77829742,0,1,0,0,0,0
2961,2010,40.56800079,-80.04949951,0,1,0,0,0,0
3169,2010,40.60689926,-79.94719696,0,1,0,0,0,0
3550,2010,40.52180099,-80.08509827,0,1,0,0,0,0
403,2010,40.39009857,-79.95870209,0,1,0,0,0,0
3429,2010,40.33459854,-79.81199646,0,1,0,0,0,0
2581,2010,40.44960022,-80.00240326,0,1,0,0,0,0
1969,2010,40.42750168,-79.72619629,1,1,0,0,0,0
841,2010,40.34400177,-79.79859924,0,1,0,0,0,0
1205,2010,40.61589813,-80.05529785,0,1,0,0,0,0
1273,2010,40.47750092,-79.74859619,0,1,0,0,0,0
3522,2010,40.44649887,-79.95189667,0,1,0,0,0,1
2484,2010,40.36130142,-79.98249817,0,1,0,0,0,0
592,2010,40.38489914,-79.97370148,1,1,0,0,0,0
4062,2010,40.35490036,-79.87889862,0,1,0,0,0,0
1814,2010,40.46260071,-79.89689636,0,1,0,0,0,0
2265,2010,40.42869949,-79.9885025,0,1,0,0,0,1
1627,2010,40.4353981,-80.05090332,0,1,0,0,0,0
3240,2010,40.44929886,-80.12480164,0,1,0,0,0,0
3513,2010,40.32490158,-80.13800049,0,1,0,0,0,0
2783,2010,40.3429985,-79.89150238,0,1,0,0,0,0
697,2010,40.26499939,-79.89320374,0,1,0,0,0,1
5110,2010,40.50270081,-80.00219727,1,0,0,0,0,0
617,2010,40.42580032,-79.86180115,0,1,0,0,0,0
1818,2010,40.43859863,-79.78199768,0,1,0,0,0,0
3149,2010,40.48809814,-80.0338974,0,1,0,0,0,0
275,2010,40.44219971,-79.9937973,1,1,0,0,0,0
2681,2010,40.41820145,-79.73200226,0,1,0,0,0,0
3772,2010,40.64509964,-80.05439758,0,1,0,0,0,0
2046,2010,40.46870041,-79.96230316,0,2,0,0,0,0
2852,2010,40.43840027,-80.0019989,0,1,0,1,0,0
473,2010,40.36420059,-80.06269836,0,2,0,0,0,0
3160,2010,40.46350098,-79.91739655,3,0,0,0,0,0
3981,2010,40.44800186,-80.00209808,0,1,0,0,0,1
3434,2010,40.54109955,-80.12220001,1,0,0,0,0,0
2214,2010,40.43230057,-79.86509705,1,0,0,0,1,0
2113,2010,40.42810059,-79.95510101,0,1,0,0,0,1
4450,2010,40.37149811,-79.82830048,0,1,0,0,0,0
1085,2010,40.62400055,-79.72429657,0,1,0,0,0,0
1417,2010,40.46099854,-79.81950378,1,0,0,0,1,0
1496,2010,40.44139862,-80.03099823,0,1,0,0,0,0
907,2010,40.35390091,-79.91490173,0,1,0,0,0,0
4003,2010,40.52730179,-80.03549957,0,1,0,0,0,0
4551,2010,40.45140076,-79.81159973,0,1,0,0,0,0
990,2010,40.45069885,-79.98300171,1,0,0,0,1,0
1106,2010,40.41849899,-80.08879852,1,0,0,0,0,0
2070,2010,40.4253006,-79.96440125,0,1,0,0,0,1
960,2010,40.5318985,-80.20469666,1,0,0,0,0,0
1581,2010,40.43590164,-79.77149963,0,1,0,0,0,0
1990,2010,40.48709869,-79.77899933,0,1,0,0,0,0
2434,2010,40.5033989,-80.02510071,0,1,0,0,0,0
3548,2010,40.55310059,-80.020401,0,1,0,0,0,0
1265,2010,40.44269943,-80.02420044,0,1,0,0,0,0
2452,2010,40.54729843,-79.81900024,1,0,0,0,0,0
3943,2010,40.41059875,-80.07080078,1,0,0,0,0,0
2042,2010,40.43889999,-79.76049805,0,1,0,0,0,0
2191,2010,40.30369949,-79.89630127,0,2,0,0,0,0
821,2010,40.41080093,-79.84449768,0,1,0,0,0,0
2210,2010,40.43069839,-80.26080322,0,1,0,0,0,0
